a01	NCFE	Mohammed	Ahmed	Mohammed.Ahmed@ncfe.org.uk	approver	5 days ago	Active
a02	NCFE	Katherin	Quigley	Katherin.Quigley@ncfe.org.uk	staff	Never	Invited
a03	NCFE	Mark	Robbins	Mark.Robbins@ncfe.org.uk	approver	7 days ago	Active
a04	NCFE	John	Moore	John.Moore@ncfe.org.uk	staff	1 month ago	Active
a05	NCFE	Tracy	Johns	Tracy.Johns@ncfe.org.uk	staff	1 day ago	Active
a06	NCFE	Rebecca	Bryant	Rebecca.Bryant@ncfe.org.uk	staff	2 months ago	Inactive
a07	NCFE	Polly	Thomas	Polly.Thomas@ncfe.org.uk	staff	5 days ago	Active
a08	NCFE	Kathy	Thurling	Kathy.Thurling@ncfe.org.uk	staff	2 hours ago	Active
a09	Pearson	Mohammed	Ahmed	Mohammed.Ahmed@pearson.com	approver	5 days ago	Active
a10	Pearson	Katherin	Quigley	Katherin.Quigley@pearson.com	staff	Never	Invited
a11	Pearson	Mark	Robbins	Mark.Robbins@pearson.com	approver	7 days ago	Active
a12	Pearson	John	Moore	John.Moore@pearson.com	staff	1 month ago	Active
a13	Pearson	Tracy	Johns	Tracy.Johns@pearson.com	staff	1 day ago	Active
a14	Pearson	Rebecca	Bryant	Rebecca.Bryant@pearson.com	staff	2 months ago	Inactive
a15	Pearson	Polly	Thomas	Polly.Thomas@pearson.com	staff	5 days ago	Active
a16	Pearson	Kathy	Thurling	Kathy.Thurling@pearson.com	staff	2 hours ago	Active
a17	City and Guilds	Mohammed	Ahmed	Mohammed.Ahmed@cityandguilds.com	approver	5 days ago	Active
a18	City and Guilds	Katherin	Quigley	Katherin.Quigley@cityandguilds.com	staff	Never	Invited
a19	City and Guilds	Mark	Robbins	Mark.Robbins@cityandguilds.com	approver	7 days ago	Active
a20	City and Guilds	John	Moore	John.Moore@cityandguilds.com	staff	1 month ago	Active
a21	City and Guilds	Tracy	Johns	Tracy.Johns@cityandguilds.com	staff	1 day ago	Active
a22	City and Guilds	Rebecca	Bryant	Rebecca.Bryant@cityandguilds.com	staff	2 months ago	Inactive
a23	City and Guilds	Polly	Thomas	Polly.Thomas@cityandguilds.com	staff	5 days ago	Active
a24	City and Guilds	Kathy	Thurling	Kathy.Thurling@cityandguilds.com	staff	2 hours ago	Active